sp,bullar_index,lower_incisor_index,relative_medullary_thickness_rmt,study
Tympanoctomys barrerae,0.47,0.61,9.41,Ojeda et al 1999
Dipodomys microps,0.42,0.36,8.61,Ojeda et al 1999
Dipodomys merriami,0.42,0.22,8.5,Ojeda et al 1999
Psamommys obesus,0.34,0.36,10.7,Ojeda et al 1999
Rhombomys opimus,NA,NA,NA,Ojeda et al 1999
Octomys mimax,0.34,0.34,6.09,Ojeda et al 1999
Octodontomys gliroides,0.31,0.28,5.35,Ojeda et al 1999
Ctenomys mendocinus,0.40,0.48,10.57,Ojeda et al 1999
Microcavia australis,0.33,0.32,9.34,Ojeda et al 1999
